{"cameraMode":{"drawMode":0,"name":"Shaded","section":"Shading Mode"},"sceneLighting":true,"audioPlay":false,"sceneViewState":{"m_AlwaysRefresh":false,"showFog":true,"showSkybox":true,"showFlares":true,"showImageEffects":true,"showParticleSystems":true,"showVisualEffectGraphs":true,"m_FxEnabled":true},"in2DMode":false,"pivot":{"x":-3.4145493507385256,"y":16.25985336303711,"z":-31.38795280456543},"rotation":{"x":-0.183743417263031,"y":0.013858329504728318,"z":-0.0025835055857896806,"w":-0.9828842878341675},"size":12.124356269836426,"orthographic":false}